geneID,chi.squared,df,p.value,adj.p,DML.adj.p
111100406,4.39024390243903,1,0.0361451420465622,0.952815106167055,0.97086753052746
111101678,4.39024390243903,1,0.0361451420465622,0.952815106167055,0.97086753052746
111115963,6.98757763975155,1,0.00820773610734886,0.952815106167055,0.97086753052746
111129929,4.96125000000001,1,0.0259214631865702,0.952815106167055,0.97086753052746
111131769,3.96219512195122,1,0.0465329850745105,0.952815106167055,0.97086753052746
111138308,6.3219512195122,1,0.0119252335930176,0.952815106167055,0.97086753052746
